patient_id,ho_ten,cccd,ngay_sinh,so_dien_thoai,email,dia_chi,benh,ket_qua_xet_nghiem,bac_si_phu_trach,ngay_kham
bdd640fb-0667-4ad1-9c80-317fa3b1799d,Quý cô Hà Hoàng,591688153949,08/05/1954,0758821228,tranjane@example.net,"67 Hoàng Tổ, JaneThị xã, 626577",Tim mạch,7.84,Bảo Phạm,31/01/2026
562b0f79-c374-49ee-b50b-ea63371ecd7b,Quý cô Dương Phạm,914758553057,09/07/1948,0816128215,john17@example.org,"57 Nguyễn Hẻm, Thị xã JohnPhường, 787135",Tim mạch,8.59,Anh Phúc Hoàng,20/01/2026
a2bc372f-7412-4293-8729-4739614ff3d7,Anh Nam Mai,190095981975,15/11/1963,0584352094,qvu@example.org,"15 John Khu, JaneThị xã, 671582",Tim mạch,11.64,Quý cô Bảo Phạm,03/03/2026
654821d0-7fcd-4eb1-a7ca-d415366eb16f,Anh Đức Nguyễn,687888718854,03/12/1968,0801703359,rle@example.org,"6 John Khu, Thành phố JohnThành phố, 817559",Khỏe mạnh,5.54,Cô Ánh Hoàng,18/02/2026
f143262f-dc5c-4eed-8da0-365bf89897b9,Khoa Đức Vũ,744489644591,03/09/1971,0712814244,hoangjohn@example.org,"548 Bùi Tổ, JohnThị xã, 289808",Khỏe mạnh,7.14,Chị Hà Trần,05/04/2026
5cec4eb5-edd9-4831-9ca3-5cfb04fc6d82,Kim Trần,935563468715,21/02/1968,0344306843,rdang@example.org,"2 Phạm Làng, Thành phố JohnQuận, 735897",Tiểu đường,10.32,Phương Trần,27/03/2026
1efa2197-7394-488f-847f-d9b4e64d1bcb,Lâm Phú Mai,074059831255,22/03/1938,0565177748,john75@example.org,"599 Hoàng Khu, Quận JaneQuận, 993507",Huyết áp cao,11.4,Phúc Thị Bùi,06/02/2026
6e595ed3-a8b3-47fa-98d0-752b1825bc54,Trọng Hữu Trần,680349816698,24/09/1942,0770189203,john08@example.com,"3 Dương Số, JaneThành phố, 509388",Tiểu đường,4.32,Ông Tú Trần,03/01/2026
c0e9ab30-ed26-42e9-97e0-11b7f8102383,Dương Bùi,577154070447,14/11/2000,0857863041,qnguyen@example.net,"84 Dương Tổ, JaneQuận, 749002",Huyết áp cao,9.97,Kim Dương,12/01/2026
80bacd64-7a0e-4fea-958c-a9ba0cd620c2,Khoa Quang Đặng,516832506875,25/08/1960,0745265670,nguyenjane@example.com,"3 Phạm Dãy, JaneThành phố, 521955",Tiểu đường,11.28,Chị Vi Hoàng,26/01/2026
750cab75-4ccc-4bc2-a53f-8a28abf3e3fc,Khoa Mai,663252538103,19/12/1948,0388737861,xmai@example.com,"318 Hoàng Số, JohnXã, 449908",Tim mạch,6.96,Hương Dương,31/01/2026
35ebd32d-9ad6-40ab-8821-2ddb45b89cd9,Trung Bảo Hoàng,938549468580,06/11/2001,0383510303,etran@example.com,"791 Jane Tổ, JohnHuyện, 483839",Khỏe mạnh,7.71,Cô Thảo Dương,25/01/2026
e623a689-5d59-4d2a-8eea-04e70ab54bde,Hà Bùi,959391550134,13/12/1963,0831334754,snguyen@example.org,"71 Dương Dãy, Thị xã JaneQuận, 149274",Khỏe mạnh,6.06,An Trí Phạm,31/01/2026
61ee411a-1bac-47a7-b386-f7a4c991603f,Anh Mai Bùi,812494966021,19/08/1965,0961297795,jane11@example.org,"443 John Dãy, JohnHuyện, 427833",Tim mạch,6.29,Bà Kim Mai,23/01/2026
2db69edb-42de-4fcc-b86c-2ca2e08596db,Ông Huy Mai,168043452084,03/07/1994,0878481404,ntran@example.org,"30 Phạm Số, JohnXã, 756478",Tim mạch,9.9,Quý ông Châu Hoàng,02/03/2026
6703b636-5380-4904-a88c-7015aab97e49,Chi Mai,897092551974,20/06/1961,0557456232,ctran@example.org,"2 John Dãy, Quận JohnXã, 238064",Tim mạch,10.83,Hoàng Hoàng,02/02/2026
83f4a9a9-48a6-49d0-95b5-2908a8aa7158,Hạnh Vũ,279143481231,06/12/1965,0373043272,rpham@example.net,"900 Mai Hẻm, Thành phố JaneThị xã, 223241",Khỏe mạnh,10.31,Thành Phạm,12/02/2026
b227462c-f53d-4330-8dda-24ba2d06e8cf,Quý cô Hồng Mai,866527721341,16/11/1951,0333988577,vujohn@example.org,"586 Nguyễn Tổ, Quận JaneHuyện, 106618",Tiểu đường,6.7,Trung Tấn Bùi,05/04/2026
709b7d97-464c-44af-bd3f-3799a07295e9,Quý cô Kim Vũ,148014881124,10/04/1967,0535193999,janele@example.com,"7 John Làng, Thị xã JaneQuận, 142666",Tiểu đường,10.87,Khoa Trần,04/01/2026
9360715f-c3fe-4183-a172-b725db52ca58,Tùng Mai Nguyễn,274045293790,01/01/1976,0598164404,john04@example.net,"4 John Tổ, Quận JaneThị xã, 148026",Huyết áp cao,8.21,Chị Dương Trần,25/01/2026
06e745f9-88bc-439c-9f4c-3b79fb10987f,Quý cô Hạnh Trần,057323487452,10/09/1993,0845480065,lejohn@example.net,"7 John Làng, Thị xã JohnThành phố, 782700",Tiểu đường,4.18,Ông Anh Lê,07/05/2026
a6d964a3-f510-4b53-87fe-e39f1190f938,Hoàng Bảo Mai,034484204284,05/01/1969,0599719296,janepham@example.org,"576 Vũ Làng, Huyện JaneXã, 239150",Khỏe mạnh,5.94,Thành Lê,21/01/2026
4fdc6e1b-edcb-4cb6-8692-dc639424aed5,Quý ông Minh Trần,252280983855,30/05/1968,0537794420,nhoang@example.net,"4 Phạm Ngõ, Thành phố JohnHuyện, 369467",Huyết áp cao,11.5,An Thế Bùi,04/02/2026
a6846099-f729-4951-8591-31d2bbda0242,Anh Hưng Vũ,277992159690,28/02/2001,0560028217,john87@example.org,"88 Bùi Đường, Huyện JohnQuận, 888848",Khỏe mạnh,11.41,Nhiên Hoàng,10/03/2026
4797b2c9-5720-4246-8223-623bcc3ebdde,Anh Thị Hoàng,020495888920,02/09/2005,0382130228,john67@example.org,"82 Dương Ngõ, JohnThị xã, 672575",Khỏe mạnh,4.38,Khoa Lê,13/03/2026
58007c02-87ea-4ff5-8db0-674679279973,Tú Thế Mai,454147669250,10/02/1997,0705830967,dangjohn@example.com,"320 Jane Dãy, JohnThành phố, 116269",Tim mạch,4.86,Châu Bùi,03/01/2026
4639447b-2067-4dac-88bd-13d1b540b30e,Bảo Bảo Dương,110151826178,13/02/1975,0549060515,ydang@example.org,"20 Jane Ngõ, Thị xã JaneThị xã, 110043",Tiểu đường,11.83,Khoa Phú Mai,30/01/2026
f2f9e5fa-9016-4161-8fa7-01cd2631d00b,An Lê,017731402497,25/06/1951,0889490874,john76@example.com,"833 Mai Số, Huyện JohnPhường, 615760",Tim mạch,9.1,Hưng Vũ,03/02/2026
00af5b3a-2812-459a-9337-739e8d4f5d27,Ông Thành Mai,238816471439,20/10/1939,0787300118,jane50@example.org,"1 Hoàng Làng, Thành phố JohnQuận, 612860",Khỏe mạnh,6.18,Chị Vân Hoàng,12/01/2026
9854ce4e-4ebf-45c3-8ae9-b4a72a79ea68,Bà Yến Mai,988952762295,24/02/1999,0909005957,ybui@example.com,"86 John Đường, Quận JaneQuận, 407422",Huyết áp cao,10.04,Minh Thị Bùi,22/04/2026
2cd94cbb-c19a-458c-835b-1c8c0a4c9f7f,Quý cô Mai Nguyễn,983974264597,06/09/1994,0813897264,xdang@example.com,"9 Dương Tổ, JaneXã, 621210",Huyết áp cao,10.7,Bảo Vũ,03/03/2026
f85e06a1-1dad-49b2-92c2-1221409d3602,Chị Ánh Lê,439281554397,26/03/1998,0867042616,jane62@example.org,"57 Phạm Ngõ, JohnPhường, 647543",Huyết áp cao,10.38,Chị Duyên Trần,16/02/2026
8d03c91e-4f8d-4238-a88b-78b5b5b453ca,Hưng Bùi,645236664508,17/01/1948,0773924136,jmai@example.org,"447 Jane Ngõ, JohnThành phố, 357607",Tiểu đường,4.1,Quang Hoàng,09/04/2026
dd30de89-22f2-45f2-a11b-868dbf0d073d,Quý cô Dương Vũ,560133508205,13/08/1981,0821971753,john88@example.org,"02 John Số, Thành phố JaneThành phố, 579980",Huyết áp cao,11.77,Quang Hoàng Dương,09/01/2026
b489d070-7914-48a8-bea4-ff31517400f8,Cô Yến Nguyễn,914885093887,25/05/1940,0759550161,johnduong@example.org,"9 Phạm Hẻm, Thành phố JohnQuận, 871578",Huyết áp cao,11.27,An Mai,02/05/2026
7cea2045-c268-483e-a32f-2e63b7fddd71,Bảo Nguyễn,779223451046,24/04/1967,0701384366,janele@example.org,"5 John Làng, Thị xã JanePhường, 653391",Khỏe mạnh,6.42,An Nguyễn,20/04/2026
2b840c67-2e18-4554-8ae2-8e66ae8a7813,Quý ông Khoa Lê,992965181774,19/02/1968,0334038227,johnmai@example.net,"7 Jane Dãy, JaneXã, 413708",Tim mạch,11.93,Bà Ngọc Nguyễn,28/02/2026
da743152-627b-41a1-bfd6-f23232ffe294,Anh Vũ,530831937758,18/03/1984,0920376686,duongjane@example.net,"56 Hoàng Số, Quận JohnThành phố, 118182",Tim mạch,8.24,Cô Hạnh Dương,01/03/2026
945ef2e4-088a-43ec-b0d9-c9f8c9e26074,Thảo Nguyễn,066922396505,29/10/1979,0313286348,johnvu@example.com,"436 Jane Đường, Thành phố JohnThành phố, 684590",Huyết áp cao,11.29,Mai Nguyễn,28/01/2026
dc322c97-39c1-4262-b76c-8edec1101266,Quang Vũ,390520806534,22/01/1989,0801267478,jduong@example.com,"888 John Dãy, JohnHuyện, 557402",Khỏe mạnh,3.91,An Bùi,04/05/2026
b379cb1e-e8cd-40cc-b6da-3ca0d2e82f38,Quý cô Linh Đặng,091109757808,20/05/1954,0392156710,nmai@example.org,"185 John Dãy, JohnThành phố, 797198",Huyết áp cao,4.42,Chi Mai,21/03/2026
08601833-479d-4cda-b396-ea37f065c817,Lâm Thế Mai,709027686211,30/06/1967,0929511222,janevu@example.net,"992 Nguyễn Tổ, JaneThị xã, 945884",Tim mạch,4.87,Quý cô Thành Bùi,10/02/2026
dea45c19-d024-4d72-b748-967f961d33ba,Thảo Mai,533564076084,29/09/1935,0789102828,janebui@example.com,"50 John Đường, JohnThành phố, 125971",Tiểu đường,3.57,Hà Mai Bùi,13/04/2026
79eb4168-1045-46e5-bee3-eb791d181ee9,Bà Khoa Lê,932454973290,15/03/1950,0700025277,janebui@example.org,"17 Trần Tổ, Thị xã JaneHuyện, 924555",Tim mạch,5.1,Quý cô Mai Phạm,25/01/2026
95da75c1-a211-40f9-9fd3-4579466772ce,Linh Phạm,032967835111,01/03/2004,0944304166,maijane@example.org,"15 John Tổ, Huyện JohnQuận, 171257",Tiểu đường,4.46,Khoa Mai,14/03/2026
ec48bf55-afd3-40c4-a713-582cf41ea3ac,Quý ông Vũ Đặng,450945204678,18/01/1948,0717625502,johnvu@example.net,"74 Vũ Số, Quận JohnQuận, 266188",Tiểu đường,6.36,Kim Mai,10/03/2026
36760ce5-81e5-49f6-93f2-77cc1a85910d,Bác Nam Mai,370426242677,04/01/1983,0342190093,johnle@example.com,"501 Jane Hẻm, JohnThị xã, 506345",Tiểu đường,3.53,Nhật Dương,14/01/2026
f8c88fae-a217-4f84-bdb0-25ff2451e5a4,Ánh Bùi,912567505607,21/08/1964,0776069275,jane61@example.net,"96 Jane Đường, Thành phố JaneThị xã, 815145",Tiểu đường,10.92,Trọng Hoàng,23/02/2026
1d2324e6-8329-40b7-8143-f426372f871a,Hoàng Tấn Phạm,907703767440,03/08/2001,0373778235,johnle@example.org,"34 John Ngõ, JohnQuận, 869927",Huyết áp cao,6.24,Bà Duyên Đặng,14/02/2026
ab05347f-d556-437d-8f08-81ee8011316b,Khoa Mai Đặng,414086605517,23/09/1994,0877562970,phamjane@example.com,"9 Bùi Hẻm, Thị xã JohnHuyện, 203873",Khỏe mạnh,11.61,Hà Trí Phạm,17/02/2026
862268d1-6683-4107-96c0-44d06f887f28,Chị Hải Nguyễn,263143348058,26/07/1981,0774098711,john53@example.com,"95 John Làng, JaneHuyện, 202157",Tim mạch,9.31,Quang Xuân Lê,08/05/2026
c5d95f51-f387-41bd-ad59-72c6134a5a2f,Cô Lâm Dương,378045719839,15/06/1996,0925174395,janebui@example.com,"216 Đặng Tổ, JohnThị xã, 737658",Huyết áp cao,7.92,Bác Anh Mai,15/01/2026
daf481a7-fa34-42e8-9d3f-7d7ea508dc95,Duyên Nguyễn,678827576326,15/05/2004,0974894944,fbui@example.net,"7 John Dãy, Huyện JohnThành phố, 861447",Tiểu đường,6.05,Chị Linh Lê,18/02/2026
707df251-fdb1-429e-b010-ed13b526b22d,Cô Phương Mai,261798789534,01/02/1988,0807289128,cle@example.org,"95 Hoàng Ngõ, JaneHuyện, 886349",Khỏe mạnh,9.52,Tùng Đức Dương,26/01/2026
15b02530-f020-4992-b576-255e98549f22,Cô Ngọc Đặng,031451484361,24/01/1980,0329073721,nguyenjohn@example.com,"3 Trần Tổ, Thành phố JanePhường, 395398",Huyết áp cao,6.98,Bác Nhiên Trần,13/04/2026
e05b46c5-5636-4094-a974-31db09a9d1c1,Bác Tùng Đặng,195174220282,21/12/1959,0329671994,duongjohn@example.org,"151 Dương Tổ, Thị xã JanePhường, 280471",Khỏe mạnh,10.66,Ngọc Dương,08/04/2026
297ca4ff-f75d-499f-ab2d-5b0987079ad4,Ông Trọng Lê,496051077351,17/06/1942,0792567367,ihoang@example.org,"04 Mai Dãy, JaneThành phố, 173728",Khỏe mạnh,9.02,Bác Thành Bùi,11/01/2026
3c5bf3a7-5fbb-40b1-8083-89c8657e01c9,Cô Vi Đặng,894589066683,13/03/1939,0983502225,duongjohn@example.net,"51 Nguyễn Số, Thị xã JaneHuyện, 290154",Huyết áp cao,11.27,Hải Dương,16/02/2026
3d0a5f0c-0c39-4ec7-9f31-74054d183eba,Cô Linh Hoàng,209041967753,12/06/1950,0509243879,buijane@example.net,"74 Nguyễn Số, Thành phố JohnThành phố, 380633",Huyết áp cao,9.77,Bảo Bảo Lê,14/01/2026
81e03a5e-8b48-4496-86ab-d4e7f4124360,Kim Mai,592887680690,14/04/1941,0708542619,johnhoang@example.net,"1 Đặng Tổ, Thành phố JohnXã, 390836",Tiểu đường,6.94,Dương Vũ,13/01/2026
752a7d25-f190-4b7e-86b4-69efb74eba93,Vi Dương,009442230443,27/04/1941,0524202036,phamjane@example.net,"395 Đặng Đường, JohnThành phố, 820373",Khỏe mạnh,9.89,Bảo Quang Dương,17/03/2026
7f072cb9-2fd3-40c0-b945-f2fd56cb1ab0,Lâm Hải Bùi,882054787542,08/08/1946,0572964912,lejane@example.com,"078 Bùi Tổ, JaneXã, 713591",Khỏe mạnh,11.63,Chị Khoa Dương,10/03/2026
46494296-6f58-42c3-bf86-cc319d66e815,Khoa Đức Mai,003024925068,21/10/1984,0580744144,qhoang@example.org,"99 John Dãy, Quận JaneHuyện, 134640",Tiểu đường,10.13,Phương Trần,13/04/2026
a6499cdc-507b-4072-a5e5-8f345df06e8c,Bà Ánh Vũ,562203575672,20/11/1938,0812276910,tranjane@example.org,"992 Jane Số, Thành phố JaneThành phố, 375555",Tiểu đường,8.04,Tùng Hoàng,10/05/2026
8ccc9cea-109f-48ee-b5a4-720058f0dd23,Phương Phú Hoàng,878224592696,20/01/1959,0781571815,vvu@example.com,"270 Phạm Làng, Thị xã JohnThành phố, 848689",Tim mạch,11.49,Bà Hải Mai,15/01/2026
a4704d48-5128-49b1-b8ed-e0ca20156a72,Phương Trần,560468638711,09/10/2005,0835191706,wpham@example.com,"540 Jane Tổ, Thị xã JanePhường, 307067",Tim mạch,4.35,Tú Dương,18/02/2026
8d03f17a-f4d3-45c1-a293-19fa3240d7a1,Ông Vũ Mai,039851047384,19/12/2007,0368296739,knguyen@example.net,"69 John Dãy, Thành phố JaneHuyện, 593901",Tiểu đường,11.02,Nhật Thế Dương,26/02/2026
7ba24588-4d56-4a3d-b4e7-069aa4540937,Bà Linh Đặng,091103834732,16/04/1945,0336989514,john21@example.com,"39 Phạm Tổ, JanePhường, 965633",Tiểu đường,8.2,Cô Lâm Nguyễn,01/04/2026
3f779cae-7318-496d-8479-06121f5d988f,Bà Nhật Dương,266414256885,23/08/1987,0824095453,khoang@example.net,"1 Nguyễn Khu, Quận JaneHuyện, 717801",Khỏe mạnh,8.92,Bà Nhật Bùi,10/03/2026
7eb162f1-4806-4804-8cf0-374c0c74dc0f,An Nguyễn,020676858377,27/12/1949,0759913424,phamjohn@example.com,"420 John Hẻm, JanePhường, 753591",Tim mạch,10.58,Nhật Trần,24/01/2026
64d6dfbf-18c0-4e2b-b99f-070420f0156a,Chị Ngọc Bùi,160725608651,14/06/1962,0799634206,janedang@example.com,"7 Jane Đường, Thị xã JohnPhường, 752910",Tim mạch,11.72,Vi Dương,09/04/2026
7d66971e-8847-4c56-827c-9f8cd40ac5e9,Quý ông Khoa Lê,473534472136,29/06/1985,0522576329,znguyen@example.org,"304 John Dãy, JohnQuận, 984176",Tiểu đường,9.28,Bà Phương Lê,22/04/2026
30d73df7-1c22-4cea-b355-56a5f2bd92f2,Lan Hoàng,614875971545,09/05/1992,0560837292,jane60@example.org,"3 Nguyễn Dãy, JohnHuyện, 152726",Huyết áp cao,11.7,Tú Văn Phạm,05/05/2026
9c2dfa97-43ad-4d62-b17c-fb21cdbc2c1c,Huy Đặng,822971106472,26/12/1975,0328557034,dpham@example.org,"600 John Làng, JohnThị xã, 579606",Tim mạch,7.83,Chị Hồng Bùi,16/01/2026
a7edc8d8-713f-4f8c-ac8b-e53758ab4778,Quang Quang Đặng,841687556549,10/11/1962,0922820593,john89@example.com,"3 Dương Làng, JohnPhường, 921445",Tim mạch,6.44,Nhật Mai Bảo Vũ,02/01/2026
edd97a1a-fa58-4b27-8ce3-e7c3f6eab3a0,Chị Yến Phạm,064503773115,04/05/2000,0854284436,jane18@example.org,"722 Trần Ngõ, Quận JaneThị xã, 220766",Tiểu đường,5.18,Bà Lan Đặng,08/01/2026
9a4ffc0c-9165-42ed-8c63-6e95025f5543,Chị Linh Nguyễn,690340226141,12/03/1997,0749570215,johnbui@example.org,"742 Jane Làng, Thành phố JohnHuyện, 974330",Huyết áp cao,4.08,Cô Nhật Vũ,25/03/2026
669d01ff-1634-425b-93f3-007383e96ef4,Hải Trần,527907975890,04/05/2000,0546338170,hoangjohn@example.com,"83 John Hẻm, JanePhường, 741570",Khỏe mạnh,10.6,Chi Bùi,02/03/2026
ea87855e-a382-45d3-9e0e-f546b0b6dedf,Bác Thành Nguyễn,466986555652,01/06/1965,0957071540,johnnguyen@example.org,"43 Nguyễn Số, Thành phố JaneQuận, 938432",Tim mạch,7.0,Quý cô Hà Vũ,09/04/2026
265cb9d9-8962-4f6e-929c-93b333c08bf1,Trung Nguyễn,046242098930,07/03/1951,0780164268,tranjane@example.net,"326 Lê Số, Thị xã JohnThành phố, 165511",Huyết áp cao,8.26,Kim Bảo Lê,23/04/2026
58330b30-6c77-4e95-8b98-1ccd12b2102d,Lan Dương,539805180527,01/10/1944,0540166072,vujane@example.net,"8 Jane Dãy, JaneThị xã, 638210",Tim mạch,6.41,Ông Trọng Vũ,15/04/2026
ba54e920-2099-4180-8762-3997649f7d88,Hưng Thế Lê,512125097999,19/12/1975,0925116666,buijane@example.net,"9 John Tổ, JohnPhường, 182705",Huyết áp cao,4.6,Bảo Hoàng Nguyễn,07/01/2026
b40a9181-ac09-4db7-9908-6e477249f62c,Hải Hoàng Dương,779068642459,08/02/1990,0384235197,dangjane@example.net,"16 Hoàng Làng, JohnThành phố, 782538",Huyết áp cao,10.81,Anh Vũ Bùi,12/01/2026
e134edfc-9777-4f10-b2d2-393f8e85140d,Bà Nhật Bùi,136695162433,27/09/1941,0966012241,wvu@example.org,"7 Bùi Dãy, JaneHuyện, 867378",Huyết áp cao,8.54,Tùng Phạm,17/02/2026
a58e83dd-548c-4d84-b40d-e04941476506,Quý cô Nhật Vũ,619647048598,11/12/1947,0763772242,cpham@example.org,"830 John Làng, Huyện JohnHuyện, 847658",Khỏe mạnh,5.24,Quý ông Minh Mai,17/02/2026
345af934-b42a-4d93-9aba-0f15b2149062,Quý cô Hạnh Đặng,088428641855,02/03/1987,0316656585,gdang@example.com,"9 Trần Đường, JohnQuận, 947232",Tim mạch,11.97,Trung Quang Nguyễn,04/01/2026
95831d58-ef4c-4119-8da5-d39b42c21797,Bảo Vũ,976890844330,02/04/1980,0896441078,buijohn@example.net,"50 John Dãy, Thị xã JohnThành phố, 308003",Huyết áp cao,7.0,Bà Lâm Hoàng,15/01/2026
0c6b7074-ab10-4c9b-9168-2e09f1f7d904,Xuân Phạm,313200814727,09/11/1966,0381832393,choang@example.com,"05 Jane Khu, Quận JohnXã, 748128",Tiểu đường,4.98,Quý cô Ánh Đặng,04/01/2026
ac8d6c7d-b2a6-4468-902b-124380913ac1,Hải Đặng,239541283603,23/09/2006,0968649337,maijane@example.net,"504 John Dãy, JohnPhường, 502253",Tiểu đường,4.54,Kim Đặng,19/01/2026
8d7dd772-608e-4f5c-a117-727067c0518b,Lâm Thị Phạm,482494670380,12/08/1946,0710065238,tranjohn@example.net,"71 Vũ Làng, JohnThị xã, 977592",Khỏe mạnh,8.41,Xuân Bùi,08/05/2026
d9b59f84-edc3-41c3-adea-2d2d086c405f,Trung Văn Vũ,683615542483,25/12/1954,0808281514,xbui@example.org,"9 Lê Tổ, Huyện JohnThành phố, 713327",Tim mạch,10.56,Minh Dương,30/04/2026
f80b2cea-658e-44a2-9879-cf35f4719986,Vũ Trí Mai,269261630979,17/02/2002,0543007860,kle@example.org,"532 John Dãy, JohnPhường, 683651",Tim mạch,4.18,Nhật Trí Mai,02/01/2026
5c238d8d-71da-45b9-8eea-9db8f165d779,Cô Kim Bùi,462670438875,29/03/1947,0943505324,nguyenjohn@example.com,"739 Jane Làng, JohnPhường, 909672",Khỏe mạnh,5.84,Linh Bùi,17/02/2026
af70de70-2b69-495e-8567-1b58926bffa5,Kim Văn Đặng,879929442608,05/05/1976,0527208011,john38@example.net,"169 Lê Dãy, Thành phố JohnPhường, 280811",Tiểu đường,5.73,Yến Lê,06/03/2026
cdd7f460-6140-47d3-9ec4-ea48d773f98d,Hưng Trần,770619129354,19/11/1953,0933245150,ldang@example.com,"072 Nguyễn Số, JaneThị xã, 121828",Khỏe mạnh,6.88,Kim Hoàng Đặng,06/01/2026
f166cdcf-762c-4fbc-ba2a-a7baf3f81c31,Hạnh Văn Mai,900985741647,08/10/1944,0701523278,nguyenjohn@example.org,"730 Lê Đường, JohnThành phố, 762690",Huyết áp cao,6.85,Xuân Mai,15/04/2026
15c1604f-ea16-4354-a35f-c9c198049562,Phương Mai Bảo Mai,999636537509,30/12/1957,0537477279,mmai@example.com,"Quận JohnXã, 3 John Ngõ, 304900",Huyết áp cao,8.75,Anh Nam Nguyễn,04/04/2026
eba900e1-6a7d-4d96-8ba1-72331ac3bf31,Quang Đức Lê,550035682215,07/10/1982,0862814276,johnpham@example.net,"76 Trần Số, JanePhường, 969631",Tim mạch,11.85,Nhật Hoàng Bùi,18/04/2026
6d268b37-8f52-42d3-94bb-bcf828fea761,Hồng Phạm,356972587898,22/09/1960,0770259692,hle@example.org,"7 Hoàng Làng, Thị xã JaneThị xã, 899318",Huyết áp cao,10.92,Bảo Mai Bảo Nguyễn,30/03/2026
dcd5bfae-abb3-46a7-8329-97801d2c2721,Lâm Đặng,911828776555,13/10/1988,0918576288,phamjane@example.com,"6 Dương Khu, Huyện JohnPhường, 454361",Huyết áp cao,5.19,Ông Anh Đặng,26/04/2026
6c4c450b-623a-40fc-9326-7d25234b4562,Thành Bùi,685216554920,08/12/1958,0357121665,maijane@example.com,"45 Jane Làng, Quận JaneThành phố, 462618",Huyết áp cao,6.96,An Đặng,28/03/2026
90bde900-1529-46f5-aad1-1fe87d1b695e,Bà Duyên Bùi,014918306697,10/02/1975,0807058195,janele@example.com,"781 Jane Ngõ, JohnQuận, 831253",Tiểu đường,8.47,Hương Mai,27/02/2026
7321a8b2-0840-405a-bfd2-f491dff389aa,Chị Mai Vũ,253817168938,12/02/1995,0873263521,johndang@example.org,"883 Jane Số, Huyện JohnThị xã, 754926",Tim mạch,8.6,Phúc Vũ,02/02/2026
4aea1b8f-b43c-4e0a-ba9f-c10e52daf681,Cô Chi Nguyễn,611892364395,15/05/2005,0975323432,ple@example.org,"029 John Dãy, JaneHuyện, 563517",Huyết áp cao,4.22,Anh Nam Trần,20/03/2026
b1d81887-4739-4c7b-bff3-0c8d83ff3e96,Kim Bảo Phạm,191250463348,11/09/1935,0344378605,jane91@example.com,"4 Đặng Đường, JaneThị xã, 663994",Tiểu đường,8.2,Hạnh Mai,20/01/2026
75a72686-d632-4d31-88ac-ffcfa04d4d14,Cô Bảo Vũ,720151730128,02/06/1995,0820183212,tranjane@example.org,"347 Jane Khu, JohnPhường, 106591",Tiểu đường,7.22,Hải Hoàng,15/02/2026
b4258e19-1758-447e-a7cd-e1436de21429,Bà Hồng Trần,483954481201,02/04/2000,0882090534,john30@example.net,"679 Vũ Ngõ, JaneXã, 383157",Huyết áp cao,11.72,Cô Duyên Trần,13/03/2026
61fa01ba-231a-47c7-8c9b-ff5ce1887eaf,Lâm Đức Đặng,815382260727,06/07/1936,0983066176,vujohn@example.org,"004 Vũ Dãy, Huyện JohnQuận, 936279",Khỏe mạnh,8.46,Bác Dũng Mai,06/05/2026
99db1302-8dab-46d3-bf87-dfc2159152f2,Dũng Vũ,933727335986,27/04/1963,0757530653,jane84@example.net,"66 Mai Ngõ, JohnQuận, 841732",Khỏe mạnh,8.63,Xuân Bùi,15/01/2026
0387f74d-1149-4096-965d-744f0445c1a8,Chị Lâm Lê,848701253599,03/08/1943,0786664123,johnduong@example.net,"994 Mai Khu, JohnXã, 830140",Khỏe mạnh,7.88,Xuân Nguyễn,04/05/2026
ae59aa52-a65b-422b-95a3-86d9c362a810,Phương Đức Đặng,687945837856,02/11/1967,0746097514,janenguyen@example.org,"79 Nguyễn Hẻm, JanePhường, 680468",Tiểu đường,4.27,Quang Hoàng,25/01/2026
44cdbfdd-df9b-441e-87f7-bda1bff15840,Nhật Hữu Lê,838778697267,15/10/1993,0598486763,jane13@example.net,"30 Hoàng Ngõ, Quận JohnQuận, 464206",Tiểu đường,6.1,Bảo Mai Bùi,14/02/2026
0b461173-00a8-4473-8242-5912bda3c162,Phúc Bùi,927914858717,26/07/1999,0962023903,jane98@example.org,"52 John Tổ, JaneHuyện, 493232",Huyết áp cao,9.68,Quý cô Dương Dương,11/04/2026
66a302d6-f43e-4c48-8bc1-f9e5fb3df063,Nhiên Hữu Lê,974440182772,23/08/1977,0878949169,janepham@example.org,"28 John Ngõ, Quận JohnPhường, 184122",Huyết áp cao,4.09,Hải Dương,05/01/2026
a2cd1590-58af-493c-8aa2-b4c93ba5bd76,Bác Tùng Lê,449977945431,27/07/1986,0750612211,johnnguyen@example.com,"76 Trần Tổ, Huyện JaneThị xã, 160895",Tiểu đường,9.16,Trọng Đức Bùi,21/04/2026
f6d70248-a995-4cc3-af5b-09a60ff1c51f,Dũng Hoàng,826214099432,26/03/1978,0744606715,janetran@example.com,"284 Mai Làng, JaneXã, 877148",Huyết áp cao,7.75,Bà Nhật Nguyễn,10/02/2026
43d78f2b-769d-41e3-8eed-412473b0d676,Quý cô Hà Nguyễn,908049343395,05/10/1976,0966766509,zhoang@example.net,"810 John Hẻm, JohnHuyện, 459366",Huyết áp cao,11.5,Lâm Lê,28/01/2026
d49347fc-0fc9-4d2e-830f-9be91f178f93,Khoa Trần,804696432084,08/01/1986,0318067048,rpham@example.org,"231 John Làng, Huyện JohnQuận, 985475",Huyết áp cao,4.43,Vũ Quang Hoàng,06/01/2026
2c3d17e2-6d39-4a75-aee7-0ab261fa8e7a,Trung Lê,256569087107,12/06/1973,0898607728,hoangjane@example.org,"4 Vũ Dãy, Quận JaneXã, 251030",Tim mạch,10.06,Ông Vũ Hoàng,04/01/2026
b69f75c5-c82b-41be-a1eb-64e6fd498e20,Bác Bảo Mai,177902395251,26/09/2003,0776937845,jane47@example.net,"17 Jane Hẻm, JohnQuận, 750429",Khỏe mạnh,9.12,Nam Mai,12/02/2026
cc21cbdb-fb8f-48c4-98b4-8ead93608edf,Dũng Bảo Trần,247546379801,22/07/1967,0822988684,duongjohn@example.org,"903 John Số, Thành phố JaneThành phố, 925139",Tiểu đường,4.65,Lâm Đức Lê,03/04/2026
9d37efb6-eafb-4e90-94ec-84ce002ccb25,Huy Dương,280414754780,26/05/1979,0536385657,johnhoang@example.org,"06 Jane Khu, JaneThành phố, 540604",Tiểu đường,5.75,Linh Phạm,07/05/2026
f7ff88d4-b509-408a-ac98-8bca51397c06,Nhiên Phú Hoàng,852511843651,12/02/1977,0321989579,john22@example.net,"373 John Hẻm, JohnXã, 256948",Tim mạch,8.44,Anh Phúc Vũ,04/03/2026
f68c62e6-e2a4-4909-a2dd-22d52afaab7b,Phương Hải Vũ,461593800797,23/02/1996,0742500069,lejohn@example.com,"243 Trần Ngõ, Huyện JohnXã, 319900",Tiểu đường,10.66,Hoàng Vũ,04/04/2026
a6a5f0ff-93fb-41d0-9d32-6d9cc9ea356a,An Hải Mai,809754518503,27/11/1939,0513778065,janenguyen@example.com,"2 Jane Tổ, JohnQuận, 140133",Tiểu đường,5.97,Cô Linh Hoàng,09/02/2026
b27b7bb4-68c6-40b2-b0a2-cee8f9722cc1,Bà Lâm Lê,358569575524,09/09/1967,0560099353,johnhoang@example.com,"370 Hoàng Số, Huyện JohnXã, 813864",Tiểu đường,6.92,Cô Hải Dương,16/01/2026
4ef03f80-1d91-4e39-9801-4004793bed1b,Quý ông Quang Nguyễn,871934394558,06/10/1947,0764217499,buijohn@example.org,"2 Mai Khu, JohnQuận, 810433",Tiểu đường,7.69,Quý cô Hải Hoàng,14/02/2026
6319629b-d73e-4bb9-8f9c-a17b8db8dadf,Kim Phú Bùi,109386989581,06/06/1967,0545228827,maijane@example.net,"618 John Hẻm, JaneQuận, 931317",Tiểu đường,7.11,Lâm Phạm,26/03/2026
a091e5b4-d293-4e6e-bf4d-093033b0fb53,Hải Hải Phạm,622170614713,16/03/1947,0987192443,yvu@example.net,"82 John Số, Quận JohnQuận, 146470",Tiểu đường,7.5,Chị An Mai,20/01/2026
891f4683-de12-4bf1-893d-6196c926a021,Vũ Đặng,864716772934,12/06/2001,0764519412,ubui@example.com,"1 Bùi Làng, Quận JohnQuận, 803853",Tim mạch,10.86,Chị Hải Nguyễn,06/04/2026
1924c644-af52-4666-b239-09f4dbb54645,Khoa Xuân Trần,730933333368,11/01/1979,0342088714,ble@example.com,"6 Bùi Dãy, Huyện JohnHuyện, 916260",Huyết áp cao,7.71,Bà Hồng Lê,08/02/2026
08775804-3fde-4814-8ec0-ad4bd6441a9d,Trung Phạm,902940317150,24/08/1972,0940464360,jane22@example.com,"60 Trần Đường, Thành phố JaneQuận, 803374",Khỏe mạnh,3.95,Dũng Hữu Nguyễn,06/01/2026
da9408c0-29b4-4cb1-8cb5-ee5c62f5f7c2,Thảo Vũ,812797235817,30/06/1963,0788982128,johnvu@example.org,"5 Jane Đường, Thành phố JaneXã, 773839",Tim mạch,5.86,Vân Bùi,01/04/2026
d30608be-8548-467b-ad5c-ba244d59616b,Bảo Dương,054447003126,22/12/2004,0735356965,janenguyen@example.org,"8 Phạm Làng, Thành phố JaneThành phố, 755701",Huyết áp cao,6.45,Bà Khoa Dương,05/01/2026
4bacbedf-ff5a-429e-bf53-d344a7c854e4,Ngọc Nguyễn,589396194980,15/03/1988,0959109268,tranjohn@example.org,"7 Jane Dãy, Thị xã JohnThành phố, 772424",Huyết áp cao,7.28,Tùng Nguyễn,05/02/2026
55ec024a-e64b-4b37-ae01-a122f269921c,Nhật Mai Bảo Dương,784581719557,02/10/1965,0790899962,vbui@example.com,"1 Lê Ngõ, Huyện JaneHuyện, 552421",Tiểu đường,4.07,Bà Nhật Lê,21/03/2026
e8184f34-e491-4f7d-91c4-6efcfcb896bb,Khoa Vũ,482471243084,11/05/1946,0861598460,john42@example.net,"157 Jane Khu, JaneThị xã, 904017",Tim mạch,5.5,Bà Phương Lê,01/01/2026
bb0c7919-330c-4ff5-88a5-fa0d09a85dc5,Nhật Văn Vũ,332156076855,18/04/1961,0805420045,vujane@example.org,"331 Jane Số, Thành phố JaneQuận, 381823",Huyết áp cao,4.6,Cô Hà Hoàng,08/03/2026
5bf7dda1-7d7c-49a5-a6c1-1650ff02f5b0,Thành Bùi,523265344748,17/12/1937,0844986599,janehoang@example.net,"1 John Đường, JaneQuận, 610074",Huyết áp cao,9.65,Quý cô Bảo Nguyễn,15/03/2026
797209c0-40b3-44f8-8c1a-b2c71fa3ed1f,Bà Bảo Đặng,611692109295,04/05/1976,0716790942,john40@example.com,"565 John Hẻm, JaneThị xã, 253494",Huyết áp cao,10.14,Chị Ánh Lê,11/03/2026
290e3e89-4b9c-42f4-a8e5-c8cdb4146e4a,Khoa Dương,990383816203,17/08/1963,0984160853,johnvu@example.net,"601 Dương Tổ, Huyện JohnThành phố, 578240",Khỏe mạnh,5.63,Bác Huy Nguyễn,20/01/2026
0a190939-dfc7-4b26-acb9-41fcd02c75f9,Quý cô Xuân Lê,641614062353,03/05/1993,0549265723,buijane@example.com,"Huyện JaneThành phố, 64 Dương Hẻm, 390789",Huyết áp cao,4.04,Nhật Trí Đặng,03/04/2026
e2d903c8-a61a-4d8e-abf7-240fccc62fed,Bảo Đức Lê,705793721095,19/01/1957,0720982655,janemai@example.org,"05 Phạm Hẻm, JaneThị xã, 975364",Khỏe mạnh,10.72,Bà Nhật Đặng,08/05/2026
de4b061e-b45e-4463-832a-09e05071e5f0,Quý ông Châu Vũ,672744383483,27/04/1948,0935664348,tranjane@example.com,"371 John Làng, Huyện JaneHuyện, 512244",Huyết áp cao,5.57,Nhật Dương,24/02/2026
8ced4707-3903-4b65-81c6-1eeb0ce3c8c8,Mai Dương,325097190987,03/11/1997,0388783092,vujohn@example.net,"961 Mai Dãy, JohnHuyện, 650325",Khỏe mạnh,11.31,Hạnh Đức Phạm,28/04/2026
4dfa21be-a335-42c8-9e7b-1e95f692641a,Quý cô Hải Mai,423272324378,30/09/1942,0556367227,wdang@example.net,"90 Hoàng Ngõ, JaneThành phố, 881238",Tiểu đường,10.47,Phương Thị Hoàng,14/03/2026
e599bd3c-0bb8-4d38-9b37-ef19b3bc912f,Hưng Đức Nguyễn,069260445019,01/12/1949,0834252911,jane23@example.com,"0 Dương Hẻm, JohnQuận, 688008",Huyết áp cao,8.88,Hà Đức Phạm,10/01/2026
d6bca712-6ecc-4931-af70-5d018da03d88,Thành Quang Lê,953995992194,30/10/1952,0808077495,janeduong@example.com,"589 Hoàng Ngõ, JohnQuận, 930555",Tiểu đường,6.72,Hồng Bùi,02/03/2026
8db78572-ef7d-4821-bca0-258eb63d65d5,Phúc Hoàng,459401041323,27/11/1974,0534162525,buijane@example.org,"27 Phạm Khu, Thành phố JohnPhường, 770982",Tim mạch,4.89,Tú Mai Phạm,05/01/2026
ab95c72f-0d95-4af5-a534-21bc6180b78a,Quang Hoàng,593400409406,06/04/1957,0980666438,duongjane@example.com,"1 John Hẻm, Huyện JaneQuận, 277020",Tim mạch,5.37,Khoa Xuân Đặng,17/03/2026
f9cf8499-c9c1-4d45-b4ea-6b976aa415b5,Quý cô Hạnh Dương,341123923238,26/07/1969,0551599751,lejane@example.net,"7 Phạm Dãy, JaneQuận, 734313",Huyết áp cao,3.7,Hà Trí Vũ,24/01/2026
4773e66a-6db2-4020-8a67-01436090103c,Thảo Trần,340104655948,24/01/1970,0332747846,ovu@example.com,"1 John Hẻm, Thành phố JaneHuyện, 956620",Huyết áp cao,4.82,An Bùi,22/03/2026
1789be63-6746-4743-897b-303d8b074d1a,Phương Đức Nguyễn,138839637613,01/06/1980,0832237768,lhoang@example.net,"8 Jane Số, JohnThành phố, 806953",Tim mạch,10.35,Nhiên Văn Đặng,14/03/2026
7210045a-823c-4ef9-8d85-65ce83a9c235,Lâm Thị Phạm,625226062320,14/12/1978,0364930659,jane58@example.com,"00 Jane Khu, Thành phố JaneThành phố, 344375",Khỏe mạnh,8.55,Quý ông Nhiên Đặng,11/01/2026
8ede9b46-407d-4aff-8b51-a9112d90e4ee,Hạnh Hải Vũ,332056520118,24/07/1970,0539028985,lejane@example.org,"1 John Làng, JohnPhường, 401102",Huyết áp cao,4.71,Tú Tấn Bùi,24/02/2026
61a451ff-700b-4b43-ad3b-9d13c3e90323,Anh Nam Đặng,283036830970,19/08/1956,0727018421,john44@example.com,"795 Dương Đường, JaneQuận, 159488",Khỏe mạnh,5.16,Bà Thảo Trần,28/01/2026
9dec2b83-3885-4f7e-af1a-25a829344e15,Kim Lê,193289496426,16/01/1960,0724374685,kbui@example.com,"5 John Dãy, JaneXã, 248605",Tiểu đường,9.87,Quang Đặng,14/01/2026
7c6166df-515a-4b43-b189-1f48e66e2c11,Nhật Bảo Trần,714087293850,06/02/1956,0756832594,janepham@example.com,"95 Trần Khu, JohnHuyện, 636818",Tiểu đường,10.06,Khoa Hoàng Bùi,22/01/2026
14fc3a5d-9b4b-4377-a542-deb92cff45f8,Quý cô Nhật Bùi,046881109645,03/02/1962,0569316713,xhoang@example.net,"842 Mai Số, Quận JohnThành phố, 397436",Huyết áp cao,7.45,Bảo Mai Đặng,08/04/2026
5d264b1b-6593-4659-972e-8c6882aa5c46,Bác Quang Nguyễn,098186555761,06/12/1957,0769693612,cpham@example.org,"977 Dương Ngõ, JanePhường, 931922",Tim mạch,5.09,Hải Hữu Nguyễn,11/04/2026
635a11f2-5c7a-483d-8a9d-2704e860bcb1,An Bảo Vũ,434759392408,19/06/1979,0357367530,jane16@example.com,"029 Mai Tổ, JaneXã, 552958",Tiểu đường,6.17,Quang Bảo Hoàng,27/03/2026
83b8fa05-13bc-4dc6-bae0-acdb2a6524af,Cô Duyên Vũ,001047516889,18/10/1960,0320939096,johnhoang@example.net,"Huyện JanePhường, 77 Jane Tổ, 967767",Huyết áp cao,8.99,Anh Thành Lê,26/04/2026
833c8f55-a129-4fa2-a27d-4660293fc266,Hải Trần,531597596205,07/05/1955,0568144605,dduong@example.org,"3 John Khu, Quận JaneXã, 862566",Khỏe mạnh,8.32,Hạnh Phú Vũ,24/04/2026
9f8acdeb-2e8f-45a8-847a-3b7ed209383b,Vũ Phú Lê,077048727499,28/01/1997,0973974381,maijane@example.org,"45 Hoàng Khu, Quận JanePhường, 782737",Khỏe mạnh,7.13,Bảo Đặng,09/05/2026
8a0ea57a-9a7d-409d-a6e8-790b215d3b1f,Quang Vũ,611537315930,29/05/2006,0870442597,opham@example.net,"88 Mai Hẻm, JaneThị xã, 690941",Tim mạch,3.97,An Trần,21/03/2026
b58ac738-0166-4221-b063-ae7f41ff81d1,Nhật Bùi,919599574193,25/05/1951,0850583131,jane99@example.com,"576 John Số, JaneHuyện, 656622",Tim mạch,6.92,Bà Hồng Đặng,22/03/2026
7b8301cf-8ebc-4d7e-88a6-5b858d56bff6,Khoa Văn Mai,363558692654,13/03/2001,0879240325,janetran@example.com,"28 John Khu, Huyện JaneXã, 715953",Khỏe mạnh,11.3,Minh Trần,04/05/2026
d2c0dec2-1751-44d7-8deb-2696015aba1d,Lâm Xuân Lê,404740434460,10/05/1947,0885786143,dangjohn@example.com,"84 Bùi Dãy, JohnPhường, 313422",Tiểu đường,3.59,Hương Trần,27/04/2026
3b4ec9f5-b2cd-4a0a-840c-5cb082b34384,Ông Hưng Lê,490279655503,26/05/1935,0374320527,johntran@example.com,"098 Phạm Ngõ, JohnQuận, 761391",Huyết áp cao,5.85,Nhật Đặng,07/02/2026
932d1648-6769-40f1-ae01-b9e0746b161a,Yến Vũ,532590877704,08/10/1990,0732571546,janenguyen@example.org,"081 Vũ Khu, JaneThành phố, 918779",Khỏe mạnh,10.27,Quý cô Hà Hoàng,04/04/2026
61f6dfbe-114b-4c79-8200-79f51dc3c26e,Lâm Đặng,745129975999,28/06/1991,0334279641,sle@example.com,"8 John Làng, Huyện JohnThị xã, 493747",Huyết áp cao,3.93,Hà Hoàng,15/02/2026
43f19b58-df6c-4d60-bdf7-6a69bc45144a,Nhiên Văn Trần,806478425902,25/10/1983,0513913421,lejohn@example.com,"JaneThị xã, 0 Jane Làng, 603391",Tim mạch,9.27,Lan Lê,19/03/2026
20d4ba18-93a0-4478-800b-19de38db128d,Vũ Thị Vũ,783770464042,16/06/2000,0521907855,janehoang@example.com,"52 John Ngõ, JaneThị xã, 900574",Tiểu đường,5.53,Chi Lê,17/04/2026
78aa16ea-44f7-401a-bcb5-26d7434a130e,Quang Bảo Mai,029895202562,21/01/1993,0500616698,dangjane@example.org,"0 Trần Làng, JanePhường, 383122",Huyết áp cao,9.77,Nhật Hữu Bùi,02/04/2026
6be8c756-2d36-426c-827e-789cce40483b,Nhiên Phú Vũ,073572465667,30/04/1978,0707158074,johnhoang@example.org,"772 Jane Đường, JohnThị xã, 915196",Tim mạch,9.04,Chị Hà Dương,19/04/2026
41f9994a-cf5d-437f-ae8d-5daa8eb7c306,Anh Khoa Hoàng,052430582566,21/02/1983,0385021837,johnle@example.net,"106 Jane Đường, JaneHuyện, 290729",Huyết áp cao,3.63,Bà Chi Nguyễn,16/01/2026
50405c43-3a6c-4da6-97f7-d71f2978cc73,Cô Hà Vũ,052038122100,07/03/1989,0858632948,johnmai@example.com,"8 Phạm Làng, Thị xã JohnHuyện, 839058",Huyết áp cao,4.66,Chị Ánh Dương,17/04/2026
65a29cc8-c55b-495d-86bf-d9c40dc78104,Nhiên Xuân Bùi,060609383912,28/06/1956,0940447000,shoang@example.com,"250 John Dãy, Huyện JanePhường, 222723",Huyết áp cao,4.17,Minh Tấn Bùi,27/01/2026
8a0ec018-b297-49b2-b2cf-fcaef833ebfb,Trọng Hoàng,212522472293,23/07/1994,0507213708,jane98@example.org,"08 Mai Đường, Thành phố JohnPhường, 671968",Khỏe mạnh,11.54,Khoa Hoàng Bùi,28/02/2026
cc476b72-6e31-4234-8410-010802568389,Hà Phú Vũ,660776960431,04/05/1936,0801335173,jane91@example.org,"78 Trần Tổ, Quận JaneThị xã, 704710",Khỏe mạnh,7.21,Khoa Phạm,22/02/2026
1186da93-da7d-4c53-b020-cf0669b41194,Bà Hà Lê,953542715233,01/05/1997,0383703640,ohoang@example.org,"58 Đặng Dãy, JaneXã, 805888",Tim mạch,3.81,Phúc Đức Lê,30/01/2026
578799d9-3799-4376-be5b-3ac903c501fe,Hà Mai Lê,456910915827,19/06/1998,0335397979,jane31@example.com,"0 Nguyễn Làng, Thị xã JaneThị xã, 923082",Tiểu đường,8.92,Cô Lâm Dương,31/03/2026
85695f97-180d-4855-855f-fde8bc3e1d19,Khoa Nguyễn,145926491461,30/04/1979,0941864764,imai@example.com,"05 Mai Làng, Thành phố JohnThành phố, 416534",Huyết áp cao,7.97,Chị Lan Trần,24/04/2026
3e3b1a40-ca05-43a2-a553-b15f1ea15b0f,Bảo Mai Bảo Vũ,950902414226,16/01/2000,0811429158,dangjohn@example.com,"711 Phạm Dãy, JaneXã, 457524",Tiểu đường,4.94,Quý cô Xuân Hoàng,15/02/2026
c9df301e-8ef0-4de1-bb4f-19725115d7ee,Hải Hữu Hoàng,201860218705,09/10/1986,0350833546,uhoang@example.net,"Thị xã JohnThị xã, 525 Hoàng Đường, 513956",Tim mạch,6.15,Vi Đặng,29/03/2026
8aa6b006-436a-4b9d-91c5-6a004bb13407,Chị Hạnh Mai,784207645830,12/12/1986,0845425948,jane76@example.org,"74 Jane Dãy, Thị xã JohnPhường, 425997",Tiểu đường,7.99,Nhật Phú Phạm,08/05/2026
f013a170-d5cf-4b4c-8b34-fc841111ee29,Kim Hữu Nguyễn,902608324684,05/12/1949,0726002113,tranjane@example.com,"4 Lê Dãy, JohnHuyện, 524562",Tim mạch,5.71,Bác Dũng Hoàng,12/03/2026
e3f342a8-f030-4fd4-be54-898e8eda6433,Vũ Hải Phạm,159177874354,15/07/1971,0537486926,qtran@example.org,"491 Hoàng Dãy, JaneHuyện, 714728",Khỏe mạnh,6.93,Hương Hoàng,02/02/2026
66cc7376-8cca-4963-ae2e-77a4cadec379,Bà Thành Lê,583236961535,02/04/1978,0785184247,vujohn@example.com,"43 Bùi Ngõ, JohnThị xã, 211681",Tim mạch,10.21,Thành Bảo Trần,25/02/2026
2294fa0a-8482-4c08-842c-65ad9883e9b1,Quý cô Chi Bùi,621428480208,23/07/1965,0366683360,qduong@example.com,"2 John Làng, JohnPhường, 250240",Khỏe mạnh,11.9,Chị Kim Mai,19/03/2026
bbf8da91-37a9-4824-aafa-4d5b91ae3d4c,Khoa Trí Bùi,759437995726,11/01/2001,0300877022,john73@example.net,"99 Vũ Dãy, JohnPhường, 613766",Tiểu đường,8.05,An Hoàng Mai,11/01/2026
51beba8e-0a8a-4b94-863d-fcd64e0648d0,Cô Thành Nguyễn,078726149290,17/03/1956,0984689704,johntran@example.com,"1 Phạm Đường, JohnQuận, 944307",Khỏe mạnh,3.84,Quý ông Minh Trần,08/04/2026
2160446e-b2a7-4475-8619-67736f3acf33,Chi Vũ,433917439725,03/10/2001,0815843825,john79@example.com,"Huyện JaneThị xã, 440 Phạm Khu, 694243",Huyết áp cao,11.83,Thành Đức Nguyễn,08/05/2026
2b54500d-4e08-4bb4-8509-d55806326b36,Bảo Bùi,128892849091,16/03/1955,0300017111,johnvu@example.com,"8 John Đường, JanePhường, 371742",Tim mạch,3.67,Hương Hoàng,02/04/2026
bd717da3-3581-4632-94f5-df7005d2d205,Ánh Dương,261293480530,24/07/1970,0325430939,hoangjohn@example.net,"0 Jane Dãy, Thành phố JaneHuyện, 990788",Khỏe mạnh,9.75,Hạnh Mai Dương,08/05/2026
637e3f94-110c-4d92-8222-305df1f71605,Thành Mai,699037828760,15/12/1937,0550773636,jane38@example.net,"262 Jane Khu, Huyện JaneThị xã, 529470",Huyết áp cao,8.46,Châu Thế Nguyễn,18/03/2026
58c69158-04b4-4ac9-a831-7f0dbe9063fb,Nhật Bảo Phạm,809886190394,31/07/2003,0731175705,nguyenjohn@example.org,"8 Mai Hẻm, Huyện JohnHuyện, 310291",Khỏe mạnh,4.87,Ông Quang Dương,16/04/2026
2379c05f-a708-4280-b4ee-0b6721bbd183,Bà Nhật Trần,641294453956,07/10/1953,0741267809,hoangjane@example.org,"715 Phạm Dãy, Quận JaneQuận, 319658",Tiểu đường,10.54,Quý ông Quang Hoàng,21/01/2026
c32fc21b-06b4-4d27-af4b-8be821acfdb5,Ông Tùng Đặng,964792353413,14/10/1966,0732479592,john09@example.com,"5 John Dãy, JohnPhường, 799761",Tim mạch,9.75,Bà Hương Phạm,03/01/2026
69bd40d8-f340-4dd3-8515-75b9ece9504b,Bảo Hữu Trần,837763516126,11/05/1944,0321228382,nle@example.net,"758 Lê Ngõ, Quận JaneXã, 286281",Huyết áp cao,4.34,Chị Nhật Đặng,11/04/2026
